{
  "project_info": {
    "project_number": "1020392311966",
    "firebase_url": "https://android-final-project-471bd.firebaseio.com",
    "project_id": "android-final-project-471bd",
    "storage_bucket": "android-final-project-471bd.appspot.com"
  },
  "client": [
    {
      "client_info": {
        "mobilesdk_app_id": "1:1020392311966:android:73d604e7f9404069",
        "android_client_info": {
          "package_name": "com.coen.scu.final_project"
        }
      },
      "oauth_client": [
        {
          "client_id": "1020392311966-vg0fiu0crq9jp0sa5srue2ipojqd89k6.apps.googleusercontent.com",
          "client_type": 1,
          "android_info": {
            "package_name": "com.coen.scu.final_project",
            "certificate_hash": "1ae47c8cee4ba0763c7a08ebc7bf4e02a0a0d2b7"
          }
        },
        {
          "client_id": "1020392311966-1acj1k0sp93oocm4v8kcr6tmgfsvslp6.apps.googleusercontent.com",
          "client_type": 3
        }
      ],
      "api_key": [
        {
          "current_key": "AIzaSyC_ZyaHJT5-3k1C-WWJzuwu18O1wn8wb4M"
        }
      ],
      "services": {
        "analytics_service": {
          "status": 1
        },
        "appinvite_service": {
          "status": 2,
          "other_platform_oauth_client": [
            {
              "client_id": "1020392311966-1acj1k0sp93oocm4v8kcr6tmgfsvslp6.apps.googleusercontent.com",
              "client_type": 3
            }
          ]
        },
        "ads_service": {
          "status": 2
        }
      }
    }
  ],
  "configuration_version": "1"
}